species_name,bin_uri,Habitat,Adult Diet,Larval Diet
Prosimulium travisi,AAA1296,Aquatic,Phytophagous & Predaceous ,Phytophagous
Simulium verecundum complex,AAA1697,Aquatic,Saprophagous,Saprophagous
Helicobia rapax,AAA1962,Terrestrial,Saprophagous,Saprophagous
Drosophila subquinaria,AAA2674,Terrestrial,Fungivore,Fungivore
Stomoxys calcitrans,AAA3181,SemiAquatic,Predaceous,Predaceous
Musca autumnalis,AAA3187,Terrestrial,Predaceous,Predaceous
Cheilosia latrans,AAA3293,Terrestrial,Phytophagous,Phytophagous
Hybomitra frontalis,AAA3296,Terrestrial,Phytophagous,Phytophagous
Delia platura,AAA3453,Terrestrial,Phytophagous,Phytophagous
Tanytarsus mendax,AAA3776,Aquatic,N/A,Saprophagous
Simulium vittatum complex,AAA4121,Aquatic,Phytophagous & Predaceous ,Phytophagous
Simulium venustum/truncatum,AAA4264,Aquatic,Predaceous,Predaceous
Toxomerus marginatus,AAA4277,Terrestrial,Phytophagous,Predaceous
Syrphus ribesii,AAA4570,Terrestrial,Phytophagous,Predaceous
Cricotopus tibialis,AAA5300,Aquatic,N/A,Phytophagous
Cricotopus intersectus,AAA5302,Aquatic,N/A,Phytophagous
Cricotopus obnixus,AAA5307,Aquatic,N/A,Phytophagous
Cricotopus sp. 7ES,AAA5308,Aquatic,N/A,Phytophagous
Cricotopus obnixus,AAA5311,Aquatic,N/A,Phytophagous
Aedes vexans,AAA7067,Aquatic,Phytophagous & Predaceous ,Omnivores 
Chrysotoxum ventricosum,AAA7273,Terrestrial,Phytophagous,Predaceous
Paratanytarsus austriacus,AAA7954,Aquatic,N/A,Saprophagous
Limnophyes minimus,AAA8204,Aquatic,N/A,Phytophagous
Eristalis brousii,AAA8223,Aquatic,Phytophagous,Saprophagous
Simulium silvestre,AAA8323,Aquatic,Predaceous,Saprophagous
Metriocnemus sp. 1ES,AAA9429,Aquatic,N/A,Saprophagous
Metriocnemus sp. 4ES,AAA9431,Aquatic,N/A,Saprophagous
Metriocnemus brusti,AAA9438,Aquatic,N/A,Saprophagous
Platycheirus quadratus,AAA9506,Terrestrial,Phytophagous,Predaceous
Corynoneura arctica,AAB0079,Aquatic,N/A,Phytophagous
Corynoneura arctica,AAB0080,Aquatic,N/A,Phytophagous
Smittia sp. 16ES,AAB0375,Terrestrial,N/A,Phytophagous
Smittia sp. ES12,AAB0377,Terrestrial,N/A,Phytophagous
Smittia sp. ES11,AAB0378,Terrestrial,N/A,Phytophagous
Hybomitra lurida,AAB0648,Terrestrial,Phytophagous,Phytophagous
Cynomya cadaverina,AAB0868,Terrestrial,Saprophagous,Saprophagous
Simulium sp. BOLDAAB1114,AAB1114,Aquatic,Predaceous,Saprophagous
Simulium furculatum,AAB1117,Aquatic,Predaceous,Saprophagous
Chrysops furcatus,AAB1142,Aquatic,Phytophagous & Predaceous ,Phytophagous
Eristalis dimidiata,AAB1409,Aquatic,Phytophagous,Saprophagous
Platycheirus granditarsis,AAB1554,Terrestrial,Phytophagous,Predaceous
Limnophyes ninae,AAB1813,Aquatic,N/A,Phytophagous
Coquillettidia perturbans,AAB2539,Aquatic,Phytophagous & Predaceous ,Omnivores 
Orthocladius mallochi,AAB2644,Aquatic,N/A,Saprophagous
Limnophora sp. 1 AKR,AAB2730,Terrestrial,Predaceous,Predaceous
Dasysyrphus intrudens sp. complex,AAB2863,Terrestrial,Phytophagous,Predaceous
Dasysyrphus pauxillus,AAB2865,Terrestrial,Phytophagous,Predaceous
Melanostoma mellinum,AAB2866,Terrestrial,Phytophagous,Predaceous
Metacnephia borealis,AAB3041,Aquatic,Saprophagous,Saprophagous
Rhagio mystaceus,AAB3308,Terrestrial,Predaceous,Predaceous
Micropsectra logani,AAB3857,Aquatic,N/A,Phytophagous
Chironomus maturus,AAB4657,Aquatic,N/A,Phytophagous
Spilogona contractifrons,AAB5278,Terrestrial,Predaceous,Predaceous
Polypedilum aviceps,AAB5362,Aquatic,N/A,Phytophagous
Syrphus vitripennis,AAB5577,Terrestrial,Phytophagous,Predaceous
Coenosia tigrina,AAB5609,Terrestrial,Predaceous,Predaceous
Aedes canadensis,AAB5696,Aquatic,Phytophagous & Predaceous ,Omnivores 
Smidtia fumiferanae,AAB5914,Terrestrial,Phytophagous,Parasitic
Thricops villicrus,AAB6566,Terrestrial,Phytophagous,Phytophagous
Calliphora loewi,AAB6579,Terrestrial,Saprophagous,Saprophagous
Culex territans,AAB6943,Aquatic,Phytophagous & Predaceous ,Omnivores 
Limnophyes natalensis,AAB7359,Aquatic,N/A,Phytophagous
Limnophyes natalensis,AAB7361,Aquatic,N/A,Phytophagous
Tvetenia paucunca,AAB7490,Aquatic,N/A,Phytophagous
Drosophila falleni,AAB7507,Terrestrial,Saprophagous,Saprophagous
Limnophyes brachytomus,AAB7912,Aquatic,N/A,Phytophagous
Lispe tentaculata,AAB8429,Terrestrial,Predaceous,Predaceous
Actia interrupta,AAB8437,Terrestrial,Phytophagous,Parasitic
Halocladius variabilis,AAB8751,Aquatic,N/A,Phytophagous
Minettia lupulina,AAB8787,Terrestrial,Fungivore & Phytophagous,Saprophagous
Muscina levida,AAB8817,Terrestrial,Predaceous,Predaceous
Muscina sp. 1 AKR,AAB8818,Terrestrial,Predaceous,Predaceous
Drosophila affinis,AAB8851,Terrestrial,Saprophagous,Saprophagous
Metriocnemus eurynotus,AAB8860,Aquatic,N/A,Saprophagous
Phormia regina,AAB9140,Terrestrial,Phytophagous,Saprophagous
Limnophora rotundata,AAB9451,Terrestrial,Predaceous,Predaceous
Orthocladius sp. TE13,AAC0069,Aquatic,N/A,Saprophagous
Spilogona griseola,AAC0135,Terrestrial,Predaceous,Predaceous
Chironomus sp. 8TE,AAC0595,Aquatic,N/A,Phytophagous
Chironomus sp. 9TE,AAC0596,Aquatic,N/A,Phytophagous
Dicrotendipes tritomus,AAC0706,Aquatic,N/A,Phytophagous
Chironomus acidophilus,AAC0903,Aquatic,N/A,Phytophagous
Aedes cinereus,AAC1222,Aquatic,Phytophagous & Predaceous ,Omnivores 
Toxomerus geminatus,AAC1312,Terrestrial,Phytophagous,Predaceous
Parochlus kiefferi,AAC1427,Aquatic,N/A,Phytophagous
Parasyrphus tarsatus,AAC1834,Terrestrial,Phytophagous,Predaceous
Coenosia campestris,AAC1880,Terrestrial,Predaceous,Predaceous
Tetanocera plumosa,AAC2266,Aquatic,Phytophagous,Predaceous
Helina evecta,AAC2498,Terrestrial,Saprophagous,Saprophagous
Limnophora sp. 2 AKR,AAC2702,Terrestrial,Predaceous,Predaceous
Sepsis neocynipsea,AAC2855,Terrestrial,Saprophagous & Phytophagous ,Saprophagous & Phytophagous 
Tanytarsus heliomesonyctios,AAC2863,Aquatic,N/A,Saprophagous
Nanocladius anderseni,AAC3041,Aquatic,N/A,Saprophagous
Cryptotendipes darbyi,AAC3084,Aquatic,N/A,Phytophagous
Tanytarsus recurvatus,AAC3354,Aquatic,N/A,Saprophagous
Paraphaenocladius impensus,AAC4197,Aquatic,N/A,Phytophagous
Paraphaenocladius impensus,AAC4201,Aquatic,N/A,Phytophagous
Micropsectra polita,AAC4403,Aquatic,N/A,Phytophagous
Coenosia transiens,AAC4500,Terrestrial,Predaceous,Predaceous
Temnostoma excentrica,AAC4506,Terrestrial,Phytophagous,Phytophagous
Tanytarsus guerlus,AAC4525,Aquatic,N/A,Saprophagous
Tanytarsus inaequalis,AAC4536,Aquatic,N/A,Saprophagous
Spilogona suspecta,AAC4649,Terrestrial,Predaceous,Predaceous
Conchapelopia pallens,AAC4803,Aquatic,N/A,Phytophagous
Coenosia octopunctata,AAC6280,Terrestrial,Predaceous,Predaceous
Platycheirus peltatoides,AAC6630,Terrestrial,Phytophagous,Predaceous
Dryomyza anilis,AAC6974,Aquatic,N/A,Predaceous
Drosophila neotestacea,AAC7070,Terrestrial,Fungivore,Fungivore
Helina flavisquama,AAC7186,Terrestrial,Saprophagous,Saprophagous
Morellia podagrica,AAC7840,Terrestrial,Saprophagous,Saprophagous
Tanytarsus herrmanni,AAC8203,Aquatic,N/A,Saprophagous
Ablabesmyia americana,AAC8567,Aquatic,N/A,Phytophagous
Paratanytarsus laccophilus,AAC8842,Aquatic,N/A,Saprophagous
Coenosia verralli,AAC8884,Terrestrial,Predaceous,Predaceous
Culiseta inornata,AAC9132,Aquatic,Phytophagous & Predaceous ,Omnivores 
Limnophyes schnelli,AAC9278,Aquatic,N/A,Phytophagous
Protophormia terraenovae,AAC9614,Terrestrial,Saprophagous,Saprophagous
Ptecticus trivittatus,AAC9839,Terrestrial,N/A,Phytophagous
Stempellinella fimbriata,AAD0300,Aquatic,N/A,Phytophagous
Psectrocladius barbimanus,AAD0484,Aquatic,N/A,Phytophagous
Helina reversio,AAD0642,Terrestrial,Saprophagous,Saprophagous
Meliscaeva cinctella,AAD0765,Terrestrial,Phytophagous,Predaceous
Scathophaga stercoraria,AAD0853,Terrestrial,Phytophagous & Predaceous ,Saprophagous
Hybomitra illota,AAD1086,Terrestrial,Phytophagous,Phytophagous
Paratanytarsus grimmii,AAD1485,Aquatic,N/A,Saprophagous
Limnophyes asquamatus,AAD1720,Aquatic,N/A,Phytophagous
Cerodontha dorsalis,AAD1945,Terrestrial,Phytophagous,Phytophagous
Arctopelopia melanosoma,AAD2100,Aquatic,N/A,Phytophagous
Tanytarsus wirthi,AAD2144,Aquatic,N/A,Saprophagous
Tanytarsus volgensis,AAD2169,Aquatic,N/A,Saprophagous
Thricops albibasalis,AAD2373,Terrestrial,Phytophagous,Phytophagous
Mydaea affinis,AAD2891,Terrestrial,Phytophagous,Predaceous
Platycheirus scambus,AAD3756,Terrestrial,Phytophagous,Predaceous
Psectrocladius fennicus,AAD4713,Aquatic,N/A,Phytophagous
Prosimulium arvum,AAD4764,Aquatic,Phytophagous & Predaceous ,Phytophagous
Derotanypus alaskensis,AAD5969,Aquatic,N/A,Phytophagous
Myospila meditabunda,AAD7145,Terrestrial,Saprophagous,Saprophagous
Procladius sp. ES04,AAD7251,Aquatic,N/A,Predaceous
Coenosia intacta,AAD7636,Terrestrial,Predaceous,Predaceous
Spilogona sororcula,AAD8449,Terrestrial,Predaceous,Predaceous
Spilogona imitatrix,AAD8451,Terrestrial,Predaceous,Predaceous
Chrysops calvus,AAD8585,Aquatic,Phytophagous & Predaceous ,Phytophagous
Hybomitra zonalis,AAD8656,Terrestrial,Phytophagous,Phytophagous
Anasimyia diffusus,AAD8954,Terrestrial,Phytophagous,Phytophagous
Orthocladius oblidens,AAD8971,Aquatic,N/A,Saprophagous
Mydaea occidentalis,AAE0058,Terrestrial,Phytophagous,Predaceous
Mydaea pseudonubila,AAE0077,Terrestrial,Phytophagous,Predaceous
Procladius cf. ruris,AAE0538,Aquatic,N/A,Predaceous
Microtendipes pedellus,AAE0707,Aquatic,N/A,Phytophagous
Spilogona novemmaculata,AAE2784,Terrestrial,Predaceous,Predaceous
Lispocephala alma,AAE3275,Terrestrial,Predaceous,Predaceous
Paratanytarsus sp. TE03,AAE3675,Aquatic,N/A,Saprophagous
Paratanytarsus sp. 1ES,AAE3676,Aquatic,N/A,Saprophagous
Paraphaenocladius brevinervis,AAE3721,Aquatic,N/A,Phytophagous
Eukiefferiella claripennis,AAE4568,Aquatic,N/A,Phytophagous
Pipunculus hertzogi,AAE4793,Terrestrial,Phytophagous,Parasitic
Nilotanypus fimbriatus,AAE5762,Aquatic,N/A,Phytophagous
Phaonia luteva,AAE6220,Terrestrial,Phytophagous,Predaceous
Phaonia errans,AAE6221,Terrestrial,Phytophagous,Predaceous
Helina obscurata,AAE6931,Terrestrial,Saprophagous,Saprophagous
Tipula paludosa,AAE7386,Terrestrial,Phytophagous,Phytophagous
Eudorylas subopacus,AAE8760,Terrestrial,Phytophagous,Parasitic
Coenosia mollicula,AAE8903,Terrestrial,Predaceous,Predaceous
Coenosia conforma,AAE8917,Terrestrial,Predaceous,Predaceous
Schoenomyza dorsalis,AAE9281,Terrestrial,Saprophagous,Saprophagous
Sericomyia chalcopyga,AAF0827,Terrestrial,Phytophagous,Phytophagous
Hybomitra lasiophthalma,AAF0889,Terrestrial,Phytophagous,Phytophagous
Cerodontha muscina,AAF1051,Terrestrial,Phytophagous,Phytophagous
Platycheirus obscurus,AAF1237,Terrestrial,Phytophagous,Predaceous
Cladotanytarsus amandus,AAF2964,Aquatic,N/A,Phytophagous
Ablabesmyia aspera,AAF3628,Aquatic,N/A,Phytophagous
Eutrichota lipsia,AAF4234,Terrestrial,Phytophagous,Phytophagous
Discobola annulata,AAF4967,SemiAquatic,N/A,Saprophagous
Phaonia consobrina,AAF6699,Terrestrial,Phytophagous,Predaceous
Liriomyza brassicae,AAF6806,Terrestrial,Phytophagous,Phytophagous
Micropsectra subletteorum,AAF7088,Aquatic,N/A,Phytophagous
Allocladius sp. 1ES,AAF8904,Aquatic,N/A,Phytophagous
Symplecta sp. BOLDAAF9014,AAF9014,SemiAquatic,N/A,Saprophagous
Elephantomyia westwoodi,AAF9064,SemiAquatic,Phytophagous,Saprophagous
Psychoda alternata,AAF9306,SemiAquatic,Saprophagous,Saprophagous
Psychoda phalaenoides,AAF9317,SemiAquatic,Saprophagous,Saprophagous
Psila lateralis,AAF9707,Terrestrial,Phytophagous,Phytophagous
Bicellaria furcifer,AAF9752,Terrestrial,Predaceous,Predaceous
Euhybus triplex,AAF9778,Terrestrial,Predaceous,Predaceous
Chelipoda truncata,AAF9790,Aquatic,Predaceous,Predaceous
Rhamphomyia debilis grp. sp. BJS7,AAF9800,Terrestrial,Predaceous,Predaceous
Rhamphomyia latilobata,AAF9802,Terrestrial,Predaceous,Predaceous
Rhamphomyia nigrita,AAF9804,Terrestrial,Predaceous,Predaceous
Bicellaria bisetosa,AAF9807,Terrestrial,Predaceous,Predaceous
Rhamphomyia pendens,AAF9811,Terrestrial,Predaceous,Predaceous
Bicellaria lugubris,AAF9812,Terrestrial,Predaceous,Predaceous
Hybos reversus,AAF9847,Terrestrial,Predaceous,Predaceous
Platypalpus nr. hyaenoides,AAF9886,Terrestrial,Predaceous,Predaceous
Neophyllomyza quadricornis,AAG0160,Terrestrial,Saprophagous,Saprophagous
Paramyia pseudonitens,AAG0169,Terrestrial,Saprophagous,Saprophagous
Herina nigribasis,AAG0259,Terrestrial,Phytophagous,Phytophagous
Rivellia pallida,AAG0266,Terrestrial,Phytophagous,Phytophagous
Psectrotanypus sp. ES01,AAG0314,Aquatic,N/A,Phytophagous
Heteromyza oculata,AAG0366,Terrestrial,N/A,Saprophagous
Suillia barberi,AAG0466,Terrestrial,N/A,Fungivore
Suillia longipennis,AAG0468,Terrestrial,N/A,Fungivore
Suillia loewi,AAG0470,Terrestrial,N/A,Fungivore
Cricotopus trifascia,AAG1004,Aquatic,N/A,Phytophagous
Cricotopus vierriensis,AAG1005,Aquatic,N/A,Phytophagous
Bryophaenocladius sp. 8ES,AAG1021,Aquatic,N/A,Phytophagous
Tricimba melancholica,AAG1503,Terrestrial,Phytophagous,Phytophagous
Rhopalopterum soror,AAG1523,Terrestrial,Phytophagous,Phytophagous
Chalarus decorus,AAG1657,Terrestrial,Phytophagous,Parasitic
Tomosvaryella sp. ON16,AAG1659,Terrestrial,Phytophagous,Parasitic
Pseudocoenosia solitaria,AAG1690,Terrestrial,Predaceous,Predaceous
Helina subvittata,AAG1694,Terrestrial,Saprophagous,Saprophagous
Phaonia bysia,AAG1699,Terrestrial,Phytophagous,Predaceous
Mesembrina latreillii,AAG1700,Terrestrial,Saprophagous,Saprophagous
Macrorchis ausoba,AAG1701,Terrestrial,Predaceous,Predaceous
Helina pectinata,AAG1703,Terrestrial,Saprophagous,Saprophagous
Lispocephala erythrocera,AAG1704,Terrestrial,Predaceous,Predaceous
Helina cinerella,AAG1706,Terrestrial,Saprophagous,Saprophagous
Anthomyia plurinotata,AAG1708,Terrestrial,Phytophagous,Phytophagous
Thricops diaphanus,AAG1710,Terrestrial,Phytophagous,Phytophagous
Helina depuncta,AAG1711,Terrestrial,Saprophagous,Saprophagous
Muscina pascuorum,AAG1714,Terrestrial,Predaceous,Predaceous
Mydaea detrita,AAG1715,Terrestrial,Phytophagous,Predaceous
Helina troene,AAG1717,Terrestrial,Saprophagous,Saprophagous
Coenosia sp. 1 AKR,AAG1725,Terrestrial,Predaceous,Predaceous
Helina rufitibia,AAG1742,Terrestrial,Saprophagous,Saprophagous
Phaonia fuscana,AAG1743,Terrestrial,Phytophagous,Predaceous
Hydrotaea scambus,AAG1768,Terrestrial,Saprophagous,Saprophagous
Neodexiopsis calopyga,AAG1769,Terrestrial,Predaceous,Predaceous
Hydrotaea militaris,AAG1771,Terrestrial,Saprophagous,Saprophagous
Phaonia apicata,AAG1772,Terrestrial,Phytophagous,Predaceous
Mydaea furtiva,AAG1779,Terrestrial,Phytophagous,Predaceous
Sylvicola cinctus,AAG1996,Terrestrial,Phytophagous,Predaceous
Sylvicola fuscatus,AAG1998,Terrestrial,Phytophagous,Predaceous
Sylvicola punctatus,AAG1999,Terrestrial,Phytophagous,Predaceous
Sylvicola alternatus,AAG2000,Terrestrial,Phytophagous,Predaceous
Dinera grisescens,AAG2123,Terrestrial,Phytophagous,Parasitic
Eutrixa exilis,AAG2127,Terrestrial,Phytophagous,Parasitic
Platymya confusionis,AAG2162,Terrestrial,Phytophagous,Parasitic
Brachicoma devia,AAG2171,Terrestrial,Saprophagous,Saprophagous
Peleteria iterans,AAG2186,Terrestrial,Phytophagous,Parasitic
Actia diffidens,AAG2354,Terrestrial,Phytophagous,Parasitic
Zaphne subarctica,AAG2434,Terrestrial,Phytophagous,Phytophagous
Eutrichota tunicata,AAG2440,Terrestrial,Phytophagous,Phytophagous
Zaphne divisa,AAG2441,Terrestrial,Phytophagous,Phytophagous
Zaphne zetterstedtii,AAG2443,Terrestrial,Phytophagous,Phytophagous
Lasiomma collini,AAG2444,Terrestrial,Phytophagous,Phytophagous
Lasiomma cuneicorne,AAG2445,Terrestrial,Phytophagous,Phytophagous
Boreophorbia hirtipes,AAG2448,Terrestrial,Phytophagous,Phytophagous
Botanophila spinidens,AAG2455,Terrestrial,Fungivore & Phytophagous,Fungivore & Phytophagous
Hydrophoria lancifer,AAG2460,Terrestrial,Phytophagous,Phytophagous
Botanophila fugax,AAG2462,Terrestrial,Fungivore & Phytophagous,Fungivore & Phytophagous
Hylemyza partita,AAG2463,Terrestrial,Phytophagous,Phytophagous
Pegomya geniculata,AAG2466,Terrestrial,Phytophagous,Phytophagous
Pegomya flavifrons,AAG2479,Terrestrial,Phytophagous,Phytophagous
Fucellia tergina,AAG2497,Terrestrial,Phytophagous,Phytophagous
Zaphne barbiventris,AAG2501,Terrestrial,Phytophagous,Phytophagous
Delia platura,AAG2511,Terrestrial,Phytophagous,Phytophagous
Lasiomma atricaudum,AAG2512,Terrestrial,Phytophagous,Phytophagous
Chaoborus punctipennis,AAG2647,Aquatic,N/A,Predaceous
Philygria debilis,AAG2740,Aquatic,Phytophagous,Phytophagous
Megaselia ilca,AAG3233,Terrestrial,Saprophagous,Saprophagous
Megaselia subpalpalis,AAG3235,Terrestrial,Saprophagous,Saprophagous
Diplonevra nitidula,AAG3236,Terrestrial,Saprophagous,Saprophagous
Phora carlina,AAG3239,Terrestrial,Saprophagous,Saprophagous
Megaselia eccoptomera,AAG3250,Terrestrial,Saprophagous,Saprophagous
Megaselia hardingorum,AAG3274,Terrestrial,Saprophagous,Saprophagous
Megaselia agarici,AAG3285,Terrestrial,Saprophagous,Saprophagous
Megaselia lombardorum,AAG3286,Terrestrial,Saprophagous,Saprophagous
Gymnophora luteiventris,AAG3292,Terrestrial,Saprophagous,Saprophagous
Megaselia nigriceps,AAG3304,Terrestrial,Saprophagous,Saprophagous
Megaselia tecticauda,AAG3311,Terrestrial,Saprophagous,Saprophagous
Megaselia wiegmanae,AAG3312,Terrestrial,Saprophagous,Saprophagous
Megaselia hirticrus,AAG3316,Terrestrial,Saprophagous,Saprophagous
Lecanocerus compressiceps,AAG3338,Terrestrial,Saprophagous,Saprophagous
Megaselia lutea,AAG3351,Terrestrial,Saprophagous,Saprophagous
Megaselia lucifrons,AAG3359,Terrestrial,Saprophagous,Saprophagous
Mycetophila luctuosa,AAG3628,Terrestrial,N/A,Fungivore
Sarcophaga sinuata,AAG3629,Terrestrial,Saprophagous,Saprophagous
Sargus decorus,AAG3694,Terrestrial,N/A,Phytophagous
Procladius sp. 1ES,AAG3920,Aquatic,N/A,Predaceous
Fannia sociella,AAG4620,Terrestrial,Saprophagous,Saprophagous
Fannia brooksi,AAG4629,Terrestrial,Saprophagous,Saprophagous
Fannia spathiophora,AAG4631,Terrestrial,Saprophagous,Saprophagous
Fannia corvina,AAG4632,Terrestrial,Saprophagous,Saprophagous
Rhingia nasica,AAG4646,Terrestrial,Phytophagous,Phytophagous
Thaumatomyia trifasciata,AAG4705,Terrestrial,Phytophagous,Phytophagous
Phytoliriomyza dorsata,AAG4751,Terrestrial,Phytophagous,Phytophagous
Liriomyza helianthi,AAG4754,Terrestrial,Phytophagous,Phytophagous
Cerodontha muscina,AAG4791,Terrestrial,Phytophagous,Phytophagous
Mumetopia occipitalis,AAG4827,Terrestrial,N/A,Saprophagous
Mycetophila perpallida,AAG4872,Terrestrial,N/A,Fungivore
Phronia tenuis,AAG4873,Terrestrial,N/A,Fungivore
Boletina palmata,AAG4924,Terrestrial,N/A,Saprophagous
Mycetophila alea,AAG4931,Terrestrial,N/A,Fungivore
Saigusaia cincta,AAG4946,Terrestrial,N/A,Fungivore
Allocotocera pulchella,AAG4955,Terrestrial,N/A,Fungivore
Rondaniella dimidiata,AAG4958,Terrestrial,N/A,Fungivore
Mycomya nitida,AAG4983,Terrestrial,N/A,Fungivore
Chironomus bifurcatus,AAG5453,Aquatic,N/A,Phytophagous
Chaoborus flavicans,AAG5462,Aquatic,N/A,Predaceous
Chironomus atrella,AAG5507,Aquatic,N/A,Phytophagous
Sepsis punctum,AAG5639,Terrestrial,Saprophagous & Phytophagous ,Saprophagous & Phytophagous 
Symphoromyia fulvipes,AAG5647,Terrestrial,Saprophagous,Saprophagous
Culicoides travisi,AAG6436,SemiAquatic,Phytophagous & Predaceous ,Omnivores 
Forcipomyia titillans,AAG6501,Terrestrial,Phytophagous & Predaceous ,Omnivores 
Forcipomyia glauca,AAG6507,Terrestrial,Phytophagous & Predaceous ,Omnivores 
Culicoides obsoletus,AAG6513,SemiAquatic,Phytophagous & Predaceous ,Omnivores 
Forcipomyia cf. acidicola,AAG6537,Terrestrial,Phytophagous & Predaceous ,Omnivores 
Dasyhelea modesta,AAG6542,SemiAquatic,Phytophagous & Predaceous ,Omnivores 
Bibio xanthopus,AAG6649,Terrestrial,N/A,Saprophagous
Bibio fraternus,AAG6650,Terrestrial,N/A,Saprophagous
Bibio fumipennis,AAG6652,Terrestrial,N/A,Saprophagous
Bibio nervosus,AAG6656,Terrestrial,N/A,Saprophagous
Pollenia pediculata,AAG6745,Terrestrial,Phytophagous,Parasitic
Boettcheria cimbicis,AAG6756,Terrestrial,Saprophagous,Saprophagous
Dasyphora sp.,AAG6757,Terrestrial,Saprophagous,Saprophagous
Conioscinella sp. TAW2,AAG6803,Terrestrial,Phytophagous,Phytophagous
Trixoscelis fumipennis,AAG6903,Terrestrial,N/A,Saprophagous
Medetera vittata,AAG6929,SemiAquatic,Predaceous,Predaceous
Coenosia pumila,AAG6936,Terrestrial,Predaceous,Predaceous
Poecilolycia aspinosa,AAG6947,Terrestrial,Fungivore & Phytophagous,Saprophagous
Terrilimosina schmitzi,AAG7021,SemiAquatic,N/A,Saprophagous
Prosimulium mixtum,AAG7032,Aquatic,Phytophagous & Predaceous ,Phytophagous
Leptocera erythrocera,AAG7276,SemiAquatic,N/A,Saprophagous
Leptocera caenosa,AAG7280,SemiAquatic,N/A,Saprophagous
Apteromyia claviventris,AAG7283,SemiAquatic,N/A,Saprophagous
Pullimosina pullula,AAG7284,SemiAquatic,N/A,Saprophagous
Trachyopella nuda,AAG7289,SemiAquatic,N/A,Saprophagous
Spelobia clunipes,AAG7312,SemiAquatic,N/A,Saprophagous
Cordilura fuscipes,AAG7441,Terrestrial,Predaceous,Phytophagous
Scaptomyza adusta,AAG8491,Terrestrial,Saprophagous,Saprophagous
Scaptomyza pallida,AAG8493,Terrestrial,Saprophagous,Saprophagous
Leucophenga varia,AAG8500,Terrestrial,Saprophagous,Saprophagous
Thaumatomyia bistriata,AAG9238,Terrestrial,Phytophagous,Phytophagous
Thaumatomyia pulla,AAG9240,Terrestrial,Phytophagous,Phytophagous
Dolichopus brevipennis,AAG9609,SemiAquatic,Predaceous,Predaceous
Dolichopus diversipennis,AAG9614,SemiAquatic,Predaceous,Predaceous
Dolichopus plumipes,AAG9616,SemiAquatic,Predaceous,Predaceous
Dolichopus nigrilineatus,AAG9624,SemiAquatic,Predaceous,Predaceous
Dolichopus discifer,AAG9628,SemiAquatic,Predaceous,Predaceous
Condylostylus patibulatus,AAG9640,SemiAquatic,Predaceous,Predaceous
Hercostomus unicolor,AAG9651,SemiAquatic,Predaceous,Predaceous
Hydrellia notata,AAG9656,Aquatic,Predaceous,Phytophagous
Pogonota barbata,AAG9681,Terrestrial,Predaceous,Phytophagous
Dolichopus stenhammari,AAG9682,SemiAquatic,Predaceous,Predaceous
Sympycnus lineatus,AAG9713,SemiAquatic,Predaceous,Predaceous
Gymnopternus subulatus,AAG9727,SemiAquatic,Predaceous,Predaceous
Chrysotimus delicatus,AAG9729,SemiAquatic,Predaceous,Predaceous
Lonchoptera bifurcata,AAG9974,Terrestrial,Phytophagous,Saprophagous
Sarcophaga aldrichi,AAH0007,Terrestrial,Saprophagous,Saprophagous
Leptogaster flavipes,AAH2295,Terrestrial,Predaceous,Predaceous
Stenopogon inquinatus,AAH2299,Terrestrial,Predaceous,Predaceous
Tipulogaster glabrata,AAH2353,Terrestrial,Predaceous,Predaceous
Rhagio gracilis,AAH2729,Terrestrial,Predaceous,Predaceous
Neomyia cornicina,AAH3032,Terrestrial,Saprophagous,Saprophagous
Pollenia rudis,AAH3035,Terrestrial,Phytophagous,Parasitic
Pollenia vagabunda,AAH3040,Terrestrial,Phytophagous,Parasitic
Bradysia excelsa,AAH3907,Terrestrial,N/A,Fungivore & Phytophagous
Bradysia fungicola,AAH3910,Terrestrial,N/A,Fungivore & Phytophagous
Sciara humeralis,AAH3914,Terrestrial,N/A,Saprophagous
Bradysia cellarum,AAH3919,Terrestrial,N/A,Fungivore & Phytophagous
Scatopsciara atomaria,AAH3920,Terrestrial,N/A,Phytophagous
Bradysia flavipila,AAH3929,Terrestrial,N/A,Fungivore & Phytophagous
Bradysia trivittata,AAH3947,Terrestrial,N/A,Fungivore & Phytophagous
Cratyna fulvicauda,AAH3960,Terrestrial,N/A,Saprophagous
Schwenckfeldina quadrispinosa,AAH3965,Terrestrial,N/A,Saprophagous
Ctenosciara hyalipennis,AAH3983,Terrestrial,N/A,Saprophagous
Trichosia townesi,AAH3987,Terrestrial,N/A,Saprophagous
Scatopsciara neglecta,AAH3990,Terrestrial,N/A,Phytophagous
Dichopygina aculeata,AAH4002,Terrestrial,N/A,Saprophagous
Dichopygina duplicis,AAH4007,Terrestrial,N/A,Saprophagous
Bradysiopsis vittigera,AAH4010,Terrestrial,N/A,Saprophagous
Bradysia strigata,AAH4011,Terrestrial,N/A,Fungivore & Phytophagous
Prosciara prosciaroides,AAH4013,Terrestrial,N/A,Saprophagous
Cratyna longispina,AAH4014,Terrestrial,N/A,Saprophagous
Apallates coxendix,AAH4148,Terrestrial,Phytophagous,Phytophagous
Elachiptera decipiens,AAH4164,Terrestrial,Phytophagous,Phytophagous
Epichlorops scaber,AAH4206,Terrestrial,Phytophagous,Phytophagous
Parectecephala eucera,AAH4211,Terrestrial,Phytophagous,Phytophagous
Trichopalpus punctipes,AAH4220,Terrestrial,Predaceous,Phytophagous
Megaphthalma pallida,AAH4234,Terrestrial,Predaceous,Phytophagous
Cosmetopus longus,AAH4239,Terrestrial,Predaceous,Phytophagous
Boettcheria bisetosa,AAH7139,Terrestrial,Saprophagous,Saprophagous
Ravinia planifrons,AAH7140,Terrestrial,Saprophagous,Saprophagous
Boettcheria latisterna,AAH7146,Terrestrial,Saprophagous,Saprophagous
Ravinia stimulans,AAH7158,Terrestrial,Saprophagous,Saprophagous
Spilogona opaca,AAI0276,Terrestrial,Predaceous,Predaceous
Limonia nubeculosa,AAI1355,SemiAquatic,N/A,Saprophagous
Coquillettidia perturbans,AAI1618,Aquatic,Phytophagous & Predaceous ,Omnivores 
Paratanytarsus sp. TE04,AAI2607,Aquatic,N/A,Saprophagous
Paraphaenocladius impensus,AAI2661,Aquatic,N/A,Phytophagous
Pipunculus luteicornis,AAI2733,Terrestrial,Phytophagous,Parasitic
Pollenia labialis,AAI2765,Terrestrial,Phytophagous,Parasitic
Pollenia griseotomentosa,AAI2766,Terrestrial,Phytophagous,Parasitic
Phaonia monticola,AAI2888,Terrestrial,Phytophagous,Predaceous
Neoascia geniculata,AAI3040,Terrestrial,Phytophagous,Phytophagous
Mycetophila caudata,AAI3260,Terrestrial,N/A,Fungivore
Ophiomyia quinta,AAI3360,Terrestrial,Phytophagous,Phytophagous
Cerodontha capitata,AAI3732,Terrestrial,Phytophagous,Phytophagous
Chironomus melanescens,AAI4303,Aquatic,N/A,Phytophagous
Dryomyza setosa,AAI6087,Aquatic,N/A,Predaceous
Paralauterborniella nigrohalteralis,AAI6341,Aquatic,N/A,Phytophagous
Chalarus latifrons,AAI7230,Terrestrial,Phytophagous,Parasitic
Heterotrissocladius sp. ES01,AAI8449,Aquatic,N/A,Phytophagous
Hybomitra pechumani,AAI8735,Terrestrial,Phytophagous,Phytophagous
Drosophila tripunctata,AAI9091,Terrestrial,Fungivore & Phytophagous,Fungivore & Phytophagous
Drosophila quinaria,AAI9105,Terrestrial,Saprophagous,Saprophagous
Eudorylas minor,AAJ0212,Terrestrial,Phytophagous,Parasitic
Calliphora latifrons,AAJ0837,Terrestrial,Saprophagous,Saprophagous
Metalimnobia immatura,AAJ2208,SemiAquatic,N/A,Saprophagous
Cladotanytarsus atridorsum,AAJ3263,Aquatic,N/A,Phytophagous
Clusiodes melanostomus,AAJ4031,Terrestrial,Saprophagous,Saprophagous
Clusiodes johnsoni,AAJ4032,Terrestrial,Saprophagous,Saprophagous
Chironomus harpi,AAJ4275,Aquatic,N/A,Phytophagous
Helina annosa,AAK4683,Terrestrial,Saprophagous,Saprophagous
Paracladopelma winnelli,AAK4963,Aquatic,N/A,Phytophagous
Liriomyza fricki,AAK8756,Terrestrial,Phytophagous,Phytophagous
Metalimnobia triocellata,AAK8834,SemiAquatic,N/A,Saprophagous
Mycomya shermani,AAK8904,Terrestrial,N/A,Fungivore
Phaonia tuguriorum,AAL2750,Terrestrial,Phytophagous,Predaceous
Phaonia apicalis,AAL2821,Terrestrial,Phytophagous,Predaceous
Fannia ungulata,AAL5108,Terrestrial,Saprophagous,Saprophagous
Diamesa nr. hyperborea,AAL5996,Aquatic,N/A,Saprophagous
Helina laxifrons,AAL6541,Terrestrial,Saprophagous,Saprophagous
Coenosia atritibia,AAL6947,Terrestrial,Predaceous,Predaceous
Tokunagaia obriaini,AAL7118,Aquatic,N/A,Phytophagous
Dicrotendipes modestus,AAL7329,Aquatic,N/A,Phytophagous
Parametriocnemus boreoalpinus,AAL7338,Aquatic,N/A,Phytophagous
Psectrocladius sordidellus,AAL7382,Aquatic,N/A,Phytophagous
Pseudopachychaeta ruficeps,AAL7391,Terrestrial,Phytophagous,Phytophagous
Lasiomma latipenne,AAL7514,Terrestrial,Phytophagous,Phytophagous
Anthomyia mimetica,AAL7527,Terrestrial,Phytophagous,Phytophagous
Sylvicola punctatus,AAL7534,Terrestrial,Phytophagous,Predaceous
Corynoptera trepida,AAL7864,Terrestrial,N/A,Saprophagous
Lycoriella flavipeda,AAL7869,Terrestrial,N/A,Fungivore
Cratyna nobilis,AAL7889,Terrestrial,N/A,Saprophagous
Iteaphila macquarti,AAL8966,Terrestrial,Phytophagous,Phytophagous
Megaselia robusta,AAL9067,Terrestrial,Saprophagous,Saprophagous
Megaselia pulicaria complex,AAL9073,Terrestrial,Saprophagous,Saprophagous
Megaselia lucifrons,AAL9075,Terrestrial,Saprophagous,Saprophagous
Megaselia giraudii,AAL9079,Terrestrial,Saprophagous,Saprophagous
Mycetophila sp. CJB4,AAL9127,Terrestrial,N/A,Fungivore
Exechia similis,AAL9140,Terrestrial,N/A,Fungivore
Boletina groenlandica,AAL9142,Terrestrial,N/A,Saprophagous
Limnophyes pumilio,AAL9235,Aquatic,N/A,Phytophagous
Paraphaenocladius impensus,AAL9425,Aquatic,N/A,Phytophagous
Spilogona malaisei,AAL9573,Terrestrial,Predaceous,Predaceous
Spilogona zaitzevi,AAL9576,Terrestrial,Predaceous,Predaceous
Coenosia frisoni,AAL9581,Terrestrial,Predaceous,Predaceous
Pipiza quadrimaculata,AAM5008,Terrestrial,Phytophagous,Predaceous
Bryophaenocladius ictericus,AAM6273,Aquatic,N/A,Phytophagous
Monopelopia tenuicalcar,AAM6277,Aquatic,N/A,Predaceous
Limnophyes brachytomus,AAM6299,Aquatic,N/A,Phytophagous
Limnophyes minimus,AAM6300,Aquatic,N/A,Phytophagous
Sylvicola fuscatus,AAM6391,Terrestrial,Phytophagous,Predaceous
Platypalpus xanthopodus,AAM6647,Terrestrial,Predaceous,Predaceous
Heleodromia pullata,AAM6656,Terrestrial,Predaceous,Predaceous
Medetera vittata,AAM6776,SemiAquatic,Predaceous,Predaceous
Amblypsilopus scintillans,AAM6787,SemiAquatic,Predaceous,Predaceous
Tipula hewitti,AAM7264,Aquatic,Phytophagous,Phytophagous
Xylophagus reflectens,AAM7333,Terrestrial,Phytophagous,Predaceous
Coelosia gracilis,AAM8963,Terrestrial,N/A,Fungivore
Exechia frigida,AAM9014,Terrestrial,N/A,Fungivore
Spilogona sanctipauli,AAM9109,Terrestrial,Predaceous,Predaceous
Corynoptera praeforcipata,AAM9224,Terrestrial,N/A,Saprophagous
Corynoptera melanochaeta,AAM9242,Terrestrial,N/A,Saprophagous
Bradysia nitidicollis,AAM9243,Terrestrial,N/A,Fungivore & Phytophagous
Bradysia vagans,AAM9252,Terrestrial,N/A,Fungivore & Phytophagous
Scatopsciara atomaria,AAM9256,Terrestrial,N/A,Phytophagous
Arctopiophila arctica,AAM9282,Terrestrial,N/A,Saprophagous
Blaesoxipha hunteri,AAM9291,Terrestrial,Saprophagous,Parasitic
Megaselia fungivora,AAM9346,Terrestrial,Saprophagous,Saprophagous
Trophithauma rostratum,AAM9364,Terrestrial,Saprophagous,Saprophagous
Tanytarsus bathophilus,AAM9626,Aquatic,N/A,Saprophagous
Penthetria heteroptera,AAN5137,Terrestrial,N/A,Saprophagous
Forcipomyia bipunctata,AAN5148,Terrestrial,Phytophagous & Predaceous ,Omnivores 
Forcipomyia sp. 2ES,AAN5156,Terrestrial,Phytophagous & Predaceous ,Omnivores 
Dasyhelea incisurata,AAN5169,SemiAquatic,Phytophagous & Predaceous ,Omnivores 
Vitisiella brevicauda,AAN5241,Terrestrial,N/A,Phytophagous
Camptocladius stercorarius,AAN5341,Aquatic,N/A,Phytophagous
Lauterborniella agrayloides,AAN5343,Aquatic,N/A,Phytophagous
Pegoplata nigroscutellata,AAN5494,Terrestrial,Phytophagous,Phytophagous
Dolichopus sp. nr. remus,AAN5527,SemiAquatic,Predaceous,Predaceous
Scaptomyza flava,AAN5544,Terrestrial,Saprophagous,Saprophagous
Chaetochlorops inquilinus,AAN5657,Terrestrial,Phytophagous,Phytophagous
Olcella parva,AAN5661,Terrestrial,Phytophagous,Phytophagous
Acartophthalmus nigrinus,AAN6240,Terrestrial,N/A,Saprophagous
Opalimosina mirabilis,AAN6406,SemiAquatic,N/A,Saprophagous
Scatopsciara atomaria,AAN6431,Terrestrial,N/A,Phytophagous
Corynoptera deserta,AAN6433,Terrestrial,N/A,Saprophagous
Cratyna uliginosoides,AAN6446,Terrestrial,N/A,Saprophagous
Corynoptera perpusilla,AAN6447,Terrestrial,N/A,Saprophagous
Megaselia sulphurizona,AAN8707,Terrestrial,Saprophagous,Saprophagous
Psychoda trinodulosa,AAN8770,SemiAquatic,Saprophagous,Saprophagous
Chelipoda elongata,AAO7763,Aquatic,Predaceous,Predaceous
Lispe albitarsis,AAP1125,Aquatic,Predaceous,Predaceous
Tomosvaryella sp. CA3,AAP2466,Terrestrial,Phytophagous,Parasitic
Orfelia nemoralis,AAP2528,Terrestrial,N/A,Predaceous
Siphona intrudens,AAP2721,Terrestrial,Phytophagous,Parasitic
Elachiptera nigriceps,AAP5169,Terrestrial,Phytophagous,Phytophagous
Cricotopus perniger,AAP5929,Aquatic,N/A,Phytophagous
Megaselia pongsaiae,AAP6408,Terrestrial,Saprophagous,Saprophagous
Corynoptera subtrivialis,AAP6422,Terrestrial,N/A,Saprophagous
Leptocera neofinalis,AAP6443,SemiAquatic,N/A,Saprophagous
Corynoptera cursor,AAP6465,Terrestrial,N/A,Saprophagous
Claustropyga acanthostyla,AAP6467,Terrestrial,N/A,Saprophagous
Coenosia pilosissima,AAP6478,Terrestrial,Predaceous,Predaceous
Sapromyza brachysoma,AAP6482,Terrestrial,Fungivore & Phytophagous,Saprophagous
Parakiefferiella scandica,AAP6583,Aquatic,N/A,Phytophagous
Incertella incerta,AAP6790,Terrestrial,Phytophagous,Phytophagous
Xylophagus reflectens,AAP7637,Terrestrial,Phytophagous,Predaceous
Pherbellia tenuipes,AAP7696,Aquatic,Phytophagous,Predaceous
Ravinia querula,AAP7702,Terrestrial,Saprophagous,Saprophagous
Suillia sororcula,AAP8074,Terrestrial,N/A,Fungivore
Gymnophora subarcuata,AAP8118,Terrestrial,Saprophagous,Saprophagous
Belida chaetoneura,AAP8652,Terrestrial,Phytophagous,Parasitic
Tachinomyia panaetius,AAP8654,Terrestrial,Phytophagous,Parasitic
Megaselia shatesae,AAP8722,Terrestrial,Saprophagous,Saprophagous
Rivellia steyskali,AAP8739,Terrestrial,Phytophagous,Phytophagous
Dorylomorpha borealis,AAP8740,Terrestrial,Phytophagous,Parasitic
Camptochaeta delicata,AAP8779,Terrestrial,N/A,Fungivore
Delia albula,AAP8834,Terrestrial,Phytophagous,Phytophagous
Platypalpus trivialis,AAP8908,Terrestrial,Predaceous,Predaceous
Dolichopus hastatus,AAP8927,SemiAquatic,Predaceous,Predaceous
Megaselia mikejohnsoni,AAP9858,Terrestrial,Saprophagous,Saprophagous
Bradysia hilaris,AAP9903,Terrestrial,N/A,Fungivore & Phytophagous
Platypalpus pulicarius,AAQ0265,Terrestrial,Predaceous,Predaceous
Limnophyes minimus,AAQ0598,Aquatic,N/A,Phytophagous
Procladius cf. fuscus,AAQ0606,Aquatic,N/A,Predaceous
Peyerimhoffia vagabunda,AAQ2557,Terrestrial,N/A,Saprophagous
Hydrobaenus conformis,AAQ2644,Aquatic,N/A,Phytophagous
Chrysops carbonarius,AAR9768,Aquatic,Phytophagous & Predaceous ,Phytophagous
Limnophyes ninae,AAU3704,Aquatic,N/A,Phytophagous
Tanytarsus lugens,AAU4437,Aquatic,N/A,Saprophagous
Boletina populina,AAU4901,Terrestrial,N/A,Saprophagous
Boletina nitiduloides,AAU4924,Terrestrial,N/A,Saprophagous
Spilogona tundrae,AAU5036,Terrestrial,Predaceous,Predaceous
Limnophyes sp. 11ES,AAU5475,Aquatic,N/A,Phytophagous
Megaselia hirtiventris,AAU5626,Terrestrial,Saprophagous,Saprophagous
Corynoptera bicuspidata,AAU6513,Terrestrial,N/A,Saprophagous
Corynoptera cuniculata,AAU6537,Terrestrial,N/A,Saprophagous
Ormosia affinis,AAU6544,SemiAquatic,N/A,Saprophagous
Gimnomera tibialis,AAU6586,Terrestrial,Predaceous,Phytophagous
Dasyhelea arenivaga,AAU6592,SemiAquatic,Phytophagous & Predaceous ,Omnivores 
Fannia armata,AAU6630,Terrestrial,Saprophagous,Saprophagous
Scatopsciara vitripennis,AAU6764,Terrestrial,N/A,Phytophagous
Megaselia pulicaria complex,AAU8534,Terrestrial,Saprophagous,Saprophagous
Aulacigaster neoleucopeza,AAV0437,Terrestrial,Phytophagous,Phytophagous
Bradysia splendida,AAV1261,Terrestrial,N/A,Fungivore & Phytophagous
Bradysia impatiens,AAV1295,Terrestrial,N/A,Fungivore & Phytophagous
Ula sylvatica,AAV1814,Terrestrial,N/A,Saprophagous
Micrempis bomboxynon,AAV3714,Terrestrial,Predaceous,Predaceous
Oedalea lanceolata,AAV3739,Terrestrial,Predaceous,Predaceous
Dolichopus comatus,AAV3887,SemiAquatic,Predaceous,Predaceous
Neurigona ciliata,AAV3904,SemiAquatic,Predaceous,Predaceous
Calycomyza majuscula,AAV4861,Terrestrial,Phytophagous,Phytophagous
Heterotrissocladius changi,AAX0836,Aquatic,N/A,Phytophagous
Paraphaenocladius cf. nasthecus,AAX1168,Aquatic,N/A,Phytophagous
Leiomyza curvinervis,AAX5462,Terrestrial,Fungivore,Fungivore
Saltella sphondylii,AAX9300,Terrestrial,Saprophagous & Phytophagous ,Saprophagous & Phytophagous 
Sarcophaga polistensis,AAX9417,Terrestrial,Saprophagous,Saprophagous
Fletcherimyia fletcheri,AAY3629,Terrestrial,Saprophagous,Saprophagous
Bradysia urticae,AAY6412,Terrestrial,N/A,Fungivore & Phytophagous
Cratyna keilini,AAZ0294,Terrestrial,N/A,Saprophagous
Meligramma triangulifera,AAZ1912,Terrestrial,Phytophagous,Predaceous
Helina setiventris,AAZ5483,Terrestrial,Saprophagous,Saprophagous
Megaselia variana,AAZ6701,Terrestrial,Saprophagous,Saprophagous
Iteaphila orchestris,ABA0544,Terrestrial,Phytophagous,Phytophagous
Bradysia scabricornis,ABA0929,Terrestrial,N/A,Fungivore & Phytophagous
Lycoriella sativae,ABA1215,Terrestrial,N/A,Fungivore
Corynoptera barbata,ABA1224,Terrestrial,N/A,Saprophagous
Mycetophila sordida,ABA1684,Terrestrial,N/A,Fungivore
Phronia cinerascens,ABA2656,Terrestrial,N/A,Fungivore
Boletina onegensis,ABA3065,Terrestrial,N/A,Saprophagous
Molophilus oligacanthus,ABA4103,SemiAquatic,N/A,Saprophagous
Bradysia browni,ABA6444,Terrestrial,N/A,Fungivore & Phytophagous
Bradysia trivittata,ABA6488,Terrestrial,N/A,Fungivore & Phytophagous
Medetera vittata,ABA6516,SemiAquatic,Predaceous,Predaceous
Pegomya winthemi,ABA6845,Terrestrial,Phytophagous,Phytophagous
Megaselia pleuralis,ABA6993,Terrestrial,Saprophagous,Saprophagous
Pseudacteon onyx,ABA8289,Terrestrial,Saprophagous,Saprophagous
Corynoptera furcata,ABU5521,Terrestrial,N/A,Saprophagous
Limnophyes sp. 14ES,ABU5525,Aquatic,N/A,Phytophagous
Megaselia aristalis,ABU5533,Terrestrial,Saprophagous,Saprophagous
Shannonomyia lenta,ABU6040,SemiAquatic,N/A,Saprophagous
Mycetophila fungorum,ABU7342,Terrestrial,N/A,Fungivore
Liohippelates bishoppi,ABV0266,Terrestrial,Phytophagous,Phytophagous
Rachispoda limosa,ABV1178,SemiAquatic,N/A,Saprophagous
Stilpon curvipes,ABV1424,Terrestrial,Predaceous,Predaceous
Aulacigaster neoleucopeza,ABV3853,Terrestrial,Phytophagous,Phytophagous
Cheilotrichia cinerascens,ABV4106,SemiAquatic,N/A,Saprophagous
Mayetiola destructor,ABV9277,Terrestrial,N/A,Phytophagous
Tipula diflava,ABW1727,Aquatic,Phytophagous,Phytophagous
Corynoptera subtrivialis,ABX0976,Terrestrial,N/A,Saprophagous
Megaselia berndseni,ABX2130,Terrestrial,Saprophagous,Saprophagous
Sericomyia chrysotoxoides,ABX5395,Terrestrial,Phytophagous,Phytophagous
Helina fulvisquama,ABX5991,Terrestrial,Saprophagous,Saprophagous
Nephrotoma ferruginea,ABX6186,Aquatic,Saprophagous,Saprophagous
Mydaea nr. furtiva,ABX6217,Terrestrial,Phytophagous,Predaceous
Spelobia semioculata,ABX6678,SemiAquatic,N/A,Saprophagous
Megaselia atrox,ABX8427,Terrestrial,Saprophagous,Saprophagous
Asteromyia carbonifera,ABX9467,Terrestrial,N/A,Fungivore
Chrysotoxum pubescens,ABY4934,Terrestrial,Phytophagous,Predaceous
Cricotopus sp. 18ES,ABY6869,Aquatic,N/A,Phytophagous
Calliphora livida,ABY7153,Terrestrial,Saprophagous,Saprophagous
Culex territans,ABY7666,Aquatic,Phytophagous & Predaceous ,Omnivores 
Ablabesmyia monilis,ABY9333,Aquatic,N/A,Phytophagous
Xylota ouelleti,ABZ0281,Terrestrial,Phytophagous,Phytophagous
Metalimnobia solitaria,ABZ1300,SemiAquatic,N/A,Saprophagous
Limnophyes minimus,ABZ1847,Aquatic,N/A,Phytophagous
Epalpus signifer,ABZ2493,Terrestrial,Phytophagous,Parasitic
Cricotopus obnixus,ABZ4817,Aquatic,N/A,Phytophagous
Megaselia longicostalis,ABZ4981,Terrestrial,Saprophagous,Saprophagous
Micropsectra nigripila,ABZ5071,Terrestrial,N/A,Saprophagous
Platycheirus confusus,ABZ7211,Terrestrial,Phytophagous,Predaceous
Campylocheta townsendi,ABZ7873,Terrestrial,Phytophagous,Parasitic
Corynoneura sp. 1ES,ABZ8189,Aquatic,N/A,Phytophagous
Pseudorthocladius curtistylus,ACA3730,Aquatic,N/A,Phytophagous
Camptochaeta uniformis,ACA4924,Terrestrial,N/A,Fungivore
Scatopsciara fera,ACA8575,Terrestrial,N/A,Phytophagous
Metalimnobia immatura,ACA9696,SemiAquatic,N/A,Saprophagous
Ormosia rubella,ACA9789,SemiAquatic,N/A,Saprophagous
Phytosciara plusiochaeta,ACB0517,Terrestrial,N/A,Saprophagous
Megaselia citrinella,ACB0962,Terrestrial,Saprophagous,Saprophagous
Megaselia spinigera,ACB0987,Terrestrial,Saprophagous,Saprophagous
Campylomyza dilatata,ACB1079,Terrestrial,N/A,Phytophagous
Bradysia trivittata,ACB1143,Terrestrial,N/A,Fungivore & Phytophagous
Megaselia largifrontalis,ACB2325,Terrestrial,Saprophagous,Saprophagous
Heterogenella hybrida,ACB2627,Terrestrial,N/A,Phytophagous
Phytomyza periclymeni,ACB3284,Terrestrial,Phytophagous,Phytophagous
Aphanotrigonum trilineatum,ACB9088,Terrestrial,Phytophagous,Phytophagous
Cricotopus bicinctus,ACC7282,Aquatic,N/A,Phytophagous
Bradysia excelsa,ACC7631,Terrestrial,N/A,Fungivore & Phytophagous
Bradysia browni,ACD0175,Terrestrial,N/A,Fungivore & Phytophagous
Claustropyga acanthostyla,ACD0689,Terrestrial,N/A,Saprophagous
Botanophila hucketti,ACE3220,Terrestrial,Fungivore & Phytophagous,Fungivore & Phytophagous
Helophilus lapponicus,ACE4226,Terrestrial,Phytophagous,Phytophagous
Leptopeza flavipes,ACE5974,Terrestrial,Predaceous,Predaceous
Aedes dorsalis,ACE6286,Aquatic,Phytophagous & Predaceous ,Omnivores 
Ablabesmyia illinoensis,ACE6563,Aquatic,N/A,Phytophagous
Fannia subpellucens,ACE6624,Terrestrial,Saprophagous,Saprophagous
Phaonia subfuscinervis,ACE7171,Terrestrial,Phytophagous,Predaceous
Cratyna longispina,ACE7347,Terrestrial,N/A,Saprophagous
Liriomyza fricki,ACE7414,Terrestrial,Phytophagous,Phytophagous
Siphonella oscinina,ACE8784,Terrestrial,Phytophagous,Phytophagous
Spilogona arctica,ACF0384,Terrestrial,Predaceous,Predaceous
Drosophila transversa,ACF0720,Terrestrial,Saprophagous,Saprophagous
Mydaea neglecta,ACF1299,Terrestrial,Phytophagous,Predaceous
Spilogona fatima,ACF1455,Terrestrial,Predaceous,Predaceous
Mycetophila fungorum,ACF2821,Terrestrial,N/A,Fungivore
Platycheirus hyperboreus,ACF4734,Terrestrial,Phytophagous,Predaceous
Trichocera regelationis,ACF7745,Terrestrial,N/A,Saprophagous
Peromyia perpusilla,ACF9583,Terrestrial,N/A,Phytophagous
Parachironomus tenuicaudatus,ACG3305,Aquatic,N/A,Phytophagous
Bradysia inusitata,ACH4332,Terrestrial,N/A,Fungivore & Phytophagous
Trichosia townesi,ACI3053,Terrestrial,N/A,Saprophagous
Corynoptera subparvula,ACI3619,Terrestrial,N/A,Saprophagous
Bradysia moestula,ACI6927,Terrestrial,N/A,Fungivore & Phytophagous
Scatopsciara geophila,ACJ0083,Terrestrial,N/A,Phytophagous
Vitisiella brevicauda,ACK1360,Terrestrial,N/A,Phytophagous
Schizohelea leucopeza,ACL4093,SemiAquatic,Phytophagous & Predaceous ,Omnivores 
Rheosmittia spinicornis,ACM1900,Aquatic,N/A,Phytophagous
Hybomitra epistates,ACM8443,Terrestrial,Phytophagous,Phytophagous
Coenosia laeta,ACN2769,Terrestrial,Predaceous,Predaceous
Beris fuscipes,ACO2394,Terrestrial,N/A,Saprophagous
Suillia apicalis,ACO5135,Terrestrial,N/A,Fungivore
Smittia sp. 8ES,ACP4736,Terrestrial,N/A,Phytophagous
Botanophila profuga,ACP6334,Terrestrial,Fungivore & Phytophagous,Fungivore & Phytophagous
Megaselia pleuralis,ACR0648,Terrestrial,Saprophagous,Saprophagous
Bradysia placida,ACR4350,Terrestrial,N/A,Fungivore & Phytophagous
Limnophyes pumilio,ACR6116,Aquatic,N/A,Phytophagous
Minettia lupulina,ACR8648,Terrestrial,Fungivore & Phytophagous,Saprophagous
Liriomyza baptisiae,ACR9469,Terrestrial,Phytophagous,Phytophagous
Megaselia arcticae,ACS7008,Terrestrial,Saprophagous,Saprophagous
Bibio longipes,ACT0146,Terrestrial,N/A,Saprophagous
Pseudolycoriella brunnea,ACU6151,Terrestrial,N/A,Saprophagous
Dasineura mali,ACV3346,Terrestrial,N/A,Phytophagous
Smittia sp. 14ES,ACW5117,Terrestrial,N/A,Phytophagous
Tanytarsus mendax,ACX2014,Aquatic,N/A,Saprophagous
Hyperlasion wasmanni,ACX4194,Terrestrial,N/A,Saprophagous
Suillia convergens,ACX4624,Terrestrial,N/A,Fungivore
Paraphaenocladius impensus,ACX4638,Aquatic,N/A,Phytophagous
Zaphne borealis,ACX5193,Terrestrial,Phytophagous,Phytophagous
Pentacricia aldrichii,ACX5247,Terrestrial,Predaceous,Predaceous
Suillia nemorum,ACX5303,Terrestrial,N/A,Fungivore
Conioscinella triorbiculata,ACX5531,Terrestrial,Phytophagous,Phytophagous
Camptochaeta delicata,ACX5565,Terrestrial,N/A,Fungivore
Psectrocladius cf. limbatellus,ACY6524,Aquatic,N/A,Phytophagous
Boletina dissipata,ACZ1770,Terrestrial,N/A,Saprophagous
Megaselia arizonensis,ACZ3800,Terrestrial,Saprophagous,Saprophagous
Megaselia infraposita,ACZ4030,Terrestrial,Saprophagous,Saprophagous
Camptochaeta flagellifera,ACZ4325,Terrestrial,N/A,Fungivore
Dolichopus lamellipes,ACZ5095,SemiAquatic,Predaceous,Predaceous
Lauxania shewelli,ACZ5294,Terrestrial,Fungivore & Phytophagous,Saprophagous
Spilogona obscuripennis,ACZ6405,Terrestrial,Predaceous,Predaceous
Rhopalopterum soror,ACZ6867,Terrestrial,Phytophagous,Phytophagous
Megaselia arcticae,ADA3072,Terrestrial,Saprophagous,Saprophagous
Megaselia lucifrons,ADA4621,Terrestrial,Saprophagous,Saprophagous
Megaselia longicostalis,ADA4916,Terrestrial,Saprophagous,Saprophagous
Micropsectra recurvata,ADC5430,Aquatic,N/A,Phytophagous
Cordilura atrata,ADC5774,Terrestrial,Predaceous,Phytophagous
Dasyopa triangulata,ADI1308,Terrestrial,Phytophagous,Phytophagous
Limnophila rufibasis,ADI1747,SemiAquatic,N/A,Saprophagous
Medetera vittata,ADJ0372,SemiAquatic,Predaceous,Predaceous
Tipula serta,ADK2996,Aquatic,Phytophagous,Phytophagous
Chironomus sp. TE11,ADL5630,Aquatic,N/A,Phytophagous
Procladius denticulatus,ADR9580,Aquatic,N/A,Predaceous
Smittia edwardsi,ADV7272,Terrestrial,N/A,Phytophagous
Gymnometriocnemus brumalis,ADX9795,Terrestrial,N/A,Phytophagous
Rhamphomyia laevigata,ADY9049,Terrestrial,Predaceous,Predaceous
Micropsectra polita,ADZ9835,Terrestrial,N/A,Saprophagous
Monoclona rufilatera,AEA0194,Terrestrial,N/A,Fungivore
Hydrobaenus conformis,AEB9326,Aquatic,N/A,Phytophagous
Tanytarsus anderseni,AEC7035,Aquatic,N/A,Saprophagous
Scatopsciara atomaria,AEF2819,Terrestrial,N/A,Phytophagous
Camptochaeta hirtula,AEH2391,Terrestrial,N/A,Fungivore
